,name,gesture
0,yvonne,N
1,yvonne,N
2,yvonne,N
3,yvonne,N
4,yvonne,N
5,yvonne,ST
6,yvonne,FS
7,yvonne,FS
8,yvonne,FS
9,yvonne,FS
10,yvonne,FSA
11,yvonne,FS
12,yvonne,FS
13,yvonne,FS
14,yvonne,FS
15,yvonne,FS
16,yvonne,N
17,yvonne,N
18,yvonne,N
19,yvonne,N
20,yvonne,N
21,yvonne,FS
22,yvonne,FS
23,yvonne,FS
24,yvonne,FS
25,yvonne,ST
26,yvonne,FS
27,yvonne,FS
28,yvonne,FS
29,yvonne,ST
30,yvonne,FSA
31,yvonne,ST
32,yvonne,ST
33,yvonne,ST
34,yvonne,ST
35,yvonne,FS
36,yvonne,FS
37,yvonne,FS
38,yvonne,FS
39,yvonne,FS
40,yvonne,ST
41,yvonne,ST
42,yvonne,ST
43,yvonne,ST
44,yvonne,N
45,yvonne,ST
46,yvonne,FS
47,yvonne,FS
48,yvonne,FS
49,yvonne,FS
50,yvonne,FSA
51,yvonne,FS
52,yvonne,FS
53,yvonne,FS
54,yvonne,FS
55,yvonne,ST
56,yvonne,FSA
57,yvonne,FSA
58,yvonne,FSA
59,yvonne,FT
60,yvonne,FSA
61,yvonne,FSA
62,yvonne,FSA
63,yvonne,FSA
64,yvonne,FSA
65,yvonne,FSA
66,yvonne,FSA
67,yvonne,FSA
68,yvonne,FSA
69,yvonne,FSA
70,yvonne,FSA
71,yvonne,FSA
72,yvonne,FSA
73,yvonne,FSA
74,yvonne,FS
75,yvonne,FS
76,yvonne,FS
77,yvonne,FS
78,yvonne,ST
79,yvonne,ST
80,yvonne,ST
81,yvonne,FSA
82,yvonne,FSA
83,yvonne,FSA
84,yvonne,FS
85,yvonne,FSA
86,yvonne,FS
87,yvonne,FS
88,yvonne,FS
89,yvonne,FSA
90,yvonne,FSA
91,yvonne,FSA
92,yvonne,FSA
93,yvonne,FSA
94,yvonne,FSA
95,yvonne,FSA
96,yvonne,FSA
97,yvonne,FSA
98,yvonne,FSA
99,yvonne,FSA
100,yvonne,FSA
101,yvonne,FSA
102,yvonne,FSA
103,yvonne,FSA
104,yvonne,FSA
105,yvonne,FSA
106,yvonne,FSA
107,yvonne,FSA
108,yvonne,FSA
109,yvonne,FS
110,yvonne,FT
111,yvonne,FS
112,yvonne,FS
113,yvonne,FSA
114,yvonne,FSA
115,yvonne,ST
116,yvonne,ST
117,yvonne,ST
118,yvonne,FSA
119,yvonne,FSA
120,yvonne,FS
121,yvonne,FSA
122,yvonne,FSA
123,yvonne,ST
124,yvonne,ST
125,yvonne,ST
126,yvonne,ST
127,yvonne,ST
128,yvonne,ST
129,yvonne,ST
130,yvonne,ST
131,yvonne,ST
132,yvonne,ST
133,yvonne,FT
134,yvonne,FT
135,yvonne,ST
136,yvonne,ST
137,yvonne,FT
138,yvonne,ST
139,yvonne,FT
140,yvonne,ST
141,yvonne,FT
142,yvonne,FT
143,yvonne,FT
144,yvonne,FT
145,yvonne,ST
146,yvonne,ST
147,yvonne,FT
148,yvonne,ST
149,yvonne,FT
150,yvonne,FT
151,yvonne,FT
152,yvonne,FT
153,yvonne,FT
154,yvonne,FT
155,yvonne,FT
156,yvonne,FT
157,yvonne,ST
158,yvonne,ST
159,yvonne,ST
160,yvonne,FT
161,yvonne,FT
162,yvonne,FT
163,yvonne,FT
164,yvonne,FT
165,yvonne,FT
166,yvonne,FT
167,yvonne,FT
168,yvonne,FT
169,yvonne,FT
170,yvonne,FT
171,yvonne,FT
172,yvonne,FT
173,yvonne,FT
174,yvonne,FT
175,yvonne,FT
176,yvonne,ST
177,yvonne,ST
178,yvonne,ST
179,yvonne,ST
180,yvonne,ST
181,yvonne,ST
182,yvonne,ST
183,yvonne,ST
184,yvonne,ST
185,yvonne,ST
186,yvonne,ST
187,yvonne,ST
188,yvonne,ST
189,yvonne,ST
190,yvonne,ST
191,yvonne,ST
192,yvonne,ST
193,yvonne,ST
194,yvonne,FT
195,yvonne,FT
196,yvonne,FT
197,yvonne,FT
198,yvonne,FT
199,yvonne,FT
200,yvonne,FT
201,yvonne,FT
202,yvonne,FT
203,yvonne,FT
204,yvonne,FT
205,yvonne,FT
206,yvonne,FT
207,yvonne,FT
208,yvonne,FT
209,yvonne,FT
210,yvonne,FT
211,yvonne,FT
212,yvonne,FT
213,yvonne,FT
214,yvonne,FT
215,yvonne,FT
216,yvonne,FT
217,yvonne,FT
218,yvonne,FT
219,yvonne,FT
220,yvonne,FT
221,yvonne,FT
222,yvonne,FT
223,yvonne,FT
224,yvonne,FT
225,yvonne,FT
226,yvonne,FT
227,yvonne,FT
228,yvonne,FT
229,yvonne,FT
230,yvonne,FT
231,yvonne,FT
232,yvonne,FT
233,yvonne,FT
234,yvonne,FT
235,yvonne,FT
236,yvonne,FT
237,yvonne,FT
238,yvonne,FT
239,yvonne,FT
240,yvonne,FT
241,yvonne,FT
242,yvonne,FT
243,yvonne,FT
244,yvonne,FT
245,yvonne,FT
246,yvonne,FT
247,yvonne,FT
248,yvonne,FT
249,yvonne,FT
250,yvonne,FT
251,yvonne,FT
252,yvonne,FT
253,yvonne,FT
254,yvonne,FT
255,yvonne,FT
256,yvonne,FT
257,yvonne,FT
258,yvonne,FT
259,yvonne,ST
260,yvonne,ST
261,yvonne,ST
262,yvonne,ST
263,yvonne,ST
264,yvonne,ST
265,yvonne,ST
266,yvonne,ST
267,yvonne,ST
268,yvonne,ST
269,yvonne,ST
270,yvonne,ST
271,yvonne,ST
272,yvonne,ST
273,yvonne,ST
274,yvonne,ST
275,yvonne,ST
276,yvonne,ST
277,yvonne,ST
278,yvonne,ST
279,yvonne,ST
280,yvonne,ST
281,yvonne,ST
282,yvonne,ST
283,yvonne,ST
284,yvonne,N
285,yvonne,N
286,yvonne,N
287,yvonne,N
288,yvonne,N
289,yvonne,N
290,yvonne,N
291,yvonne,N
292,yvonne,N
293,yvonne,N
294,yvonne,N
295,yvonne,ST
296,yvonne,ST
297,yvonne,ST
298,yvonne,ST
299,yvonne,ST
300,yvonne,N
301,yvonne,N
302,yvonne,N
303,yvonne,ST
304,yvonne,N
305,yvonne,N
306,yvonne,N
307,yvonne,N
308,yvonne,ST
309,yvonne,ST
310,yvonne,ST
311,yvonne,ST
312,yvonne,ST
313,yvonne,ST
314,yvonne,N
315,yvonne,N
316,yvonne,FSA
317,yvonne,FSA
318,yvonne,FSA
319,yvonne,FSA
320,yvonne,FSA
321,yvonne,FSA
322,yvonne,FSA
323,yvonne,FSA
324,yvonne,FSA
325,yvonne,ST
326,yvonne,FSA
327,yvonne,FSA
328,yvonne,FSA
329,yvonne,FSA
330,yvonne,FSA
331,yvonne,FSA
332,yvonne,FSA
333,yvonne,FSA
334,yvonne,FSA
335,yvonne,FSA
336,yvonne,FSA
337,yvonne,FSA
338,yvonne,FSA
339,yvonne,FSA
340,yvonne,FSA
341,yvonne,FSA
342,yvonne,FSA
343,yvonne,FSA
344,yvonne,FSA
345,yvonne,FSA
346,yvonne,FSA
347,yvonne,FSA
348,yvonne,FS
349,yvonne,FS
350,yvonne,FS
351,yvonne,FS
352,yvonne,FSA
353,yvonne,FSA
354,yvonne,FSA
355,yvonne,FSA
356,yvonne,FSA
357,yvonne,FSA
358,yvonne,FSA
359,yvonne,FSA
360,yvonne,FSA
361,yvonne,FSA
362,yvonne,FSA
363,yvonne,FSA
364,yvonne,FSA
365,yvonne,FSA
366,yvonne,FSA
367,yvonne,FSA
368,yvonne,FSA
369,yvonne,FS
370,yvonne,FSA
371,yvonne,FSA
372,yvonne,FS
373,yvonne,FS
374,yvonne,FS
375,yvonne,FS
376,yvonne,FS
377,yvonne,FS
378,yvonne,FS
379,yvonne,FS
380,yvonne,FSA
381,yvonne,FSA
382,yvonne,FSA
383,yvonne,FSA
384,yvonne,FSA
385,yvonne,FSA
386,yvonne,FSA
387,yvonne,FSA
388,yvonne,FSA
389,yvonne,FSA
390,yvonne,FSA
391,yvonne,FSA
392,yvonne,FSA
393,yvonne,FSA
394,yvonne,FSA
395,yvonne,FS
396,yvonne,FSA
397,yvonne,FSA
398,yvonne,FSA
399,yvonne,FS
400,yvonne,FS
401,yvonne,FS
402,yvonne,FS
403,yvonne,FS
404,yvonne,FS
405,yvonne,FS
406,yvonne,FS
407,yvonne,FSA
408,yvonne,FSA
409,yvonne,FSA
410,yvonne,FSA
411,yvonne,FSA
412,yvonne,FS
413,yvonne,FS
414,yvonne,FS
415,yvonne,FSA
416,yvonne,FSA
417,yvonne,FSA
418,yvonne,SS
419,yvonne,FSA
420,yvonne,FSA
421,yvonne,FSA
422,yvonne,FSA
423,yvonne,FS
424,yvonne,N
425,yvonne,N
426,yvonne,N
427,yvonne,FS
428,yvonne,FS
429,yvonne,FS
430,yvonne,FS
431,yvonne,FS
432,yvonne,FS
433,yvonne,FS
434,yvonne,FS
435,yvonne,FSA
436,yvonne,FSA
437,yvonne,FSA
438,yvonne,FSA
439,yvonne,FSA
440,yvonne,FS
441,yvonne,ST
442,yvonne,ST
443,yvonne,ST
444,yvonne,ST
445,yvonne,ST
446,yvonne,ST
447,yvonne,ST
448,yvonne,ST
449,yvonne,ST
450,yvonne,ST
451,yvonne,ST
452,yvonne,ST
453,yvonne,ST
454,yvonne,ST
455,yvonne,ST
456,yvonne,ST
457,yvonne,ST
458,yvonne,ST
459,yvonne,ST
460,yvonne,ST
461,yvonne,ST
462,yvonne,ST
463,yvonne,ST
464,yvonne,ST
465,yvonne,ST
466,yvonne,ST
467,yvonne,ST
468,yvonne,ST
469,yvonne,ST
470,yvonne,ST
471,yvonne,ST
472,yvonne,ST
473,yvonne,ST
474,yvonne,ST
475,yvonne,ST
476,yvonne,ST
477,yvonne,ST
478,yvonne,N
479,yvonne,N
480,yvonne,ST
481,yvonne,ST
482,yvonne,ST
483,yvonne,ST
484,yvonne,ST
485,yvonne,N
486,yvonne,ST
487,yvonne,ST
488,yvonne,ST
489,yvonne,ST
490,yvonne,ST
491,yvonne,ST
492,yvonne,N
493,yvonne,N
494,yvonne,N
495,yvonne,ST
496,yvonne,ST
497,yvonne,ST
498,yvonne,ST
499,yvonne,ST
500,yvonne,N
501,yvonne,N
502,yvonne,N
503,yvonne,ST
504,yvonne,ST
505,yvonne,ST
506,yvonne,ST
507,yvonne,ST
508,yvonne,N
509,yvonne,N
510,yvonne,N
511,yvonne,ST
512,yvonne,ST
513,yvonne,ST
514,yvonne,ST
515,yvonne,ST
516,yvonne,ST
517,yvonne,N
518,yvonne,N
519,yvonne,ST
520,yvonne,ST
521,yvonne,ST
522,yvonne,ST
523,yvonne,ST
524,yvonne,N
525,yvonne,ST
526,yvonne,ST
527,yvonne,ST
528,yvonne,ST
529,yvonne,ST
530,yvonne,ST
531,yvonne,ST
532,yvonne,FS
533,yvonne,FS
534,yvonne,FS
535,yvonne,FS
536,yvonne,ST
537,yvonne,N
538,yvonne,N
539,yvonne,ST
540,yvonne,ST
541,yvonne,ST
542,yvonne,ST
543,yvonne,ST
544,yvonne,ST
545,yvonne,N
546,yvonne,N
547,yvonne,N
548,yvonne,N
549,yvonne,N
550,yvonne,N
551,yvonne,N
552,yvonne,N
553,yvonne,N
554,yvonne,N
555,yvonne,N
556,yvonne,SS
557,yvonne,SS
558,yvonne,N
559,yvonne,N
560,yvonne,N
561,yvonne,ST
562,yvonne,ST
563,yvonne,ST
564,yvonne,FT
565,yvonne,FT
566,yvonne,FT
567,yvonne,ST
568,yvonne,ST
569,yvonne,ST
570,yvonne,ST
571,yvonne,ST
572,yvonne,N
573,yvonne,N
574,yvonne,N
575,yvonne,N
576,yvonne,N
577,yvonne,ST
578,yvonne,ST
579,yvonne,ST
580,yvonne,ST
581,yvonne,ST
582,yvonne,ST
583,yvonne,ST
584,yvonne,ST
585,yvonne,ST
586,yvonne,ST
587,yvonne,ST
588,yvonne,ST
589,yvonne,ST
590,yvonne,ST
591,yvonne,ST
592,yvonne,ST
593,yvonne,N
594,yvonne,ST
595,yvonne,ST
596,yvonne,ST
597,yvonne,ST
598,yvonne,N
599,yvonne,N
600,yvonne,N
601,yvonne,N
602,yvonne,N
603,yvonne,N
604,yvonne,N
605,yvonne,N
606,yvonne,N
607,yvonne,N
608,yvonne,N
609,yvonne,N
610,yvonne,N
611,yvonne,N
612,yvonne,N
613,yvonne,N
614,yvonne,N
615,yvonne,N
616,yvonne,N
617,yvonne,N
618,yvonne,N
619,yvonne,ST
620,yvonne,ST
621,yvonne,ST
622,yvonne,ST
623,yvonne,ST
624,yvonne,N
625,yvonne,N
626,yvonne,N
627,yvonne,N
628,yvonne,N
629,yvonne,N
630,yvonne,N
631,yvonne,N
632,yvonne,N
633,yvonne,N
634,yvonne,N
635,yvonne,N
636,yvonne,N
637,yvonne,N
638,yvonne,N
639,yvonne,N
640,yvonne,N
641,yvonne,N
642,yvonne,N
643,yvonne,N
644,yvonne,N
645,yvonne,N
646,yvonne,N
647,yvonne,N
648,yvonne,N
649,yvonne,N
650,yvonne,N
651,yvonne,N
652,yvonne,N
653,yvonne,N
654,yvonne,N
655,yvonne,N
656,yvonne,N
657,yvonne,N
658,yvonne,N
659,yvonne,N
660,yvonne,N
661,yvonne,N
662,yvonne,N
663,yvonne,N
664,yvonne,N
665,yvonne,N
666,yvonne,N
667,yvonne,N
668,yvonne,N
669,yvonne,N
670,yvonne,N
671,yvonne,N
672,yvonne,N
673,yvonne,N
674,yvonne,N
675,yvonne,N
676,yvonne,N
677,yvonne,N
678,yvonne,N
679,yvonne,N
680,yvonne,N
681,yvonne,N
682,yvonne,N
683,yvonne,N
684,yvonne,N
685,yvonne,N
686,yvonne,N
687,yvonne,N
688,yvonne,N
689,yvonne,N
690,yvonne,N
691,yvonne,N
692,yvonne,N
693,yvonne,N
694,yvonne,N
695,yvonne,N
696,yvonne,N
697,yvonne,N
698,yvonne,N
699,yvonne,N
700,yvonne,N
701,yvonne,N
702,yvonne,N
703,yvonne,N
704,yvonne,N
705,yvonne,N
706,yvonne,N
707,yvonne,N
708,yvonne,N
709,yvonne,N
710,yvonne,ST
711,yvonne,ST
712,yvonne,ST
713,yvonne,FT
714,yvonne,FT
715,yvonne,FT
716,yvonne,FT
717,yvonne,FT
718,yvonne,FT
719,yvonne,FT
720,yvonne,FT
721,yvonne,FT
722,yvonne,FT
723,yvonne,FT
724,yvonne,FT
725,yvonne,FT
726,yvonne,FT
727,yvonne,FT
728,yvonne,FT
729,yvonne,FT
730,yvonne,FT
731,yvonne,FT
732,yvonne,FT
733,yvonne,FT
734,yvonne,FT
735,yvonne,FT
736,yvonne,FT
737,yvonne,FT
738,yvonne,FT
739,yvonne,FT
740,yvonne,FT
741,yvonne,FT
742,yvonne,FT
743,yvonne,FT
744,yvonne,FT
745,yvonne,FT
746,yvonne,FT
747,yvonne,FT
748,yvonne,FT
749,yvonne,FT
750,yvonne,FT
751,yvonne,FT
752,yvonne,FT
753,yvonne,FT
754,yvonne,FT
755,yvonne,FT
756,yvonne,FT
757,yvonne,FT
758,yvonne,FT
759,yvonne,FT
760,yvonne,FT
761,yvonne,FT
762,yvonne,FT
763,yvonne,FT
764,yvonne,FT
765,yvonne,FT
766,yvonne,FT
767,yvonne,FT
768,yvonne,FT
769,yvonne,FT
770,yvonne,FT
771,yvonne,FT
772,yvonne,FT
773,yvonne,FT
774,yvonne,FT
775,yvonne,FT
776,yvonne,FT
777,yvonne,FT
778,yvonne,FT
779,yvonne,FT
780,yvonne,FT
781,yvonne,FT
782,yvonne,ST
783,yvonne,ST
784,yvonne,ST
785,yvonne,ST
786,yvonne,ST
787,yvonne,ST
788,yvonne,ST
789,yvonne,ST
790,yvonne,ST
791,yvonne,ST
792,yvonne,ST
793,yvonne,ST
794,yvonne,ST
795,yvonne,ST
796,yvonne,ST
797,yvonne,ST
798,yvonne,ST
799,yvonne,ST
800,yvonne,ST
801,yvonne,ST
802,yvonne,ST
803,yvonne,ST
804,yvonne,ST
805,yvonne,ST
806,yvonne,ST
807,yvonne,ST
808,yvonne,ST
809,yvonne,ST
810,yvonne,ST
811,yvonne,ST
812,yvonne,ST
813,yvonne,ST
814,yvonne,ST
815,yvonne,ST
816,yvonne,ST
817,yvonne,ST
818,yvonne,ST
819,yvonne,ST
820,yvonne,ST
821,yvonne,ST
822,yvonne,ST
823,yvonne,ST
824,yvonne,ST
825,yvonne,ST
826,yvonne,ST
827,yvonne,ST
828,yvonne,ST
829,yvonne,ST
830,yvonne,ST
831,yvonne,ST
832,yvonne,ST
833,yvonne,ST
834,yvonne,ST
835,yvonne,ST
836,yvonne,ST
837,yvonne,ST
838,yvonne,ST
839,yvonne,ST
840,yvonne,ST
841,yvonne,ST
842,yvonne,ST
843,yvonne,ST
844,yvonne,ST
845,yvonne,ST
846,yvonne,ST
847,yvonne,ST
848,yvonne,ST
849,yvonne,ST
850,yvonne,ST
851,yvonne,ST
852,yvonne,ST
853,yvonne,ST
854,yvonne,ST
855,yvonne,ST
856,yvonne,C
857,yvonne,C
858,yvonne,C
859,yvonne,C
860,yvonne,C
861,yvonne,C
862,yvonne,C
863,yvonne,N
864,yvonne,N
865,yvonne,N
866,yvonne,N
867,yvonne,N
868,yvonne,N
869,yvonne,N
870,yvonne,N
871,yvonne,N
872,yvonne,N
873,yvonne,N
874,yvonne,ST
875,yvonne,N
876,yvonne,N
877,yvonne,N
878,yvonne,N
879,yvonne,N
880,yvonne,N
881,yvonne,N
882,yvonne,N
883,yvonne,N
884,yvonne,N
885,yvonne,N
886,yvonne,N
887,yvonne,N
888,yvonne,N
889,yvonne,N
890,yvonne,N
891,yvonne,N
892,yvonne,N
893,yvonne,N
894,yvonne,N
895,yvonne,N
896,yvonne,N
897,yvonne,N
898,yvonne,N
899,yvonne,N
900,yvonne,N
901,yvonne,N
902,yvonne,N
903,yvonne,FSA
904,yvonne,FS
905,yvonne,FS
906,yvonne,FS
907,yvonne,FS
908,yvonne,FS
909,yvonne,FSA
910,yvonne,FSA
911,yvonne,SS
912,yvonne,SS
913,yvonne,SS
914,yvonne,FSA
915,yvonne,FSA
916,yvonne,N
917,yvonne,N
918,yvonne,N
919,yvonne,N
920,yvonne,ST
921,yvonne,FS
922,yvonne,FS
923,yvonne,FS
924,yvonne,FS
925,yvonne,FS
926,yvonne,FSA
927,yvonne,ST
928,yvonne,ST
929,yvonne,ST
930,yvonne,ST
931,yvonne,ST
932,yvonne,ST
933,yvonne,ST
934,yvonne,N
935,yvonne,N
936,yvonne,N
937,yvonne,N
938,yvonne,N
939,yvonne,ST
940,yvonne,FS
941,yvonne,FS
942,yvonne,FS
943,yvonne,FS
944,yvonne,FS
945,yvonne,ST
946,yvonne,FS
947,yvonne,FS
948,yvonne,FS
949,yvonne,FS
950,yvonne,FS
951,yvonne,FS
952,yvonne,FS
953,yvonne,N
954,yvonne,N
955,yvonne,N
956,yvonne,N
957,yvonne,N
958,yvonne,N
959,yvonne,N
960,yvonne,N
961,yvonne,N
962,yvonne,N
963,yvonne,N
964,yvonne,N
965,yvonne,N
966,yvonne,N
967,yvonne,N
968,yvonne,N
969,yvonne,N
970,yvonne,N
971,yvonne,N
972,yvonne,N
973,yvonne,N
974,yvonne,N
975,yvonne,N
976,yvonne,N
977,yvonne,N
978,yvonne,N
979,yvonne,N
980,yvonne,N
981,yvonne,N
982,yvonne,N
983,yvonne,N
984,yvonne,N
985,yvonne,N
986,yvonne,N
987,yvonne,N
988,yvonne,N
989,yvonne,N
990,yvonne,N
991,yvonne,N
992,yvonne,N
993,yvonne,N
994,yvonne,N
995,yvonne,N
996,yvonne,N
997,yvonne,N
998,yvonne,N
999,yvonne,N
1000,yvonne,N
1001,yvonne,N
1002,yvonne,N
1003,yvonne,N
1004,yvonne,N
1005,yvonne,N
1006,yvonne,N
1007,yvonne,N
1008,yvonne,N
1009,yvonne,N
1010,yvonne,N
1011,yvonne,N
1012,yvonne,N
1013,yvonne,N
1014,yvonne,N
1015,yvonne,N
1016,yvonne,N
1017,yvonne,N
1018,yvonne,N
1019,yvonne,N
1020,yvonne,N
1021,yvonne,N
1022,yvonne,N
1023,yvonne,N
1024,yvonne,N
1025,yvonne,N
1026,yvonne,N
1027,yvonne,N
1028,yvonne,N
1029,yvonne,N
1030,yvonne,N
1031,yvonne,N
1032,yvonne,N
1033,yvonne,N
1034,yvonne,N
1035,yvonne,N
1036,yvonne,N
1037,yvonne,N
1038,yvonne,N
1039,yvonne,N
1040,yvonne,N
1041,yvonne,N
1042,yvonne,N
1043,yvonne,N
1044,christina,N
1045,christina,N
1046,christina,N
1047,christina,N
1048,christina,N
1049,christina,N
1050,christina,ST
1051,christina,SS
1052,christina,BS
1053,christina,BS
1054,christina,BS
1055,christina,BS
1056,christina,BS
1057,christina,BS
1058,christina,BS
1059,christina,BS
1060,christina,BS
1061,christina,BS
1062,christina,BS
1063,christina,BS
1064,christina,BS
1065,christina,BS
1066,christina,BS
1067,christina,BS
1068,christina,BS
1069,christina,BS
1070,christina,FSA
1071,christina,BS
1072,christina,FSA
1073,christina,BS
1074,christina,BS
1075,christina,BS
1076,christina,FSA
1077,christina,FSA
1078,christina,FSA
1079,christina,FSA
1080,christina,FSA
1081,christina,FSA
1082,christina,SS
1083,christina,FSA
1084,christina,FSA
1085,christina,FSA
1086,christina,FSA
1087,christina,FSA
1088,christina,FSA
1089,christina,FSA
1090,christina,FSA
1091,christina,FSA
1092,christina,FSA
1093,christina,SS
1094,christina,SS
1095,christina,SS
1096,christina,SS
1097,christina,FSA
1098,christina,FSA
1099,christina,N
1100,christina,N
1101,christina,SS
1102,christina,SS
1103,christina,SS
1104,christina,SS
1105,christina,SS
1106,christina,N
1107,christina,N
1108,christina,N
1109,christina,VSS
1110,christina,VSS
1111,christina,SS
1112,christina,SS
1113,christina,SS
1114,christina,FSA
1115,christina,FSA
1116,christina,FSA
1117,christina,N
1118,christina,N
1119,christina,N
1120,christina,ST
1121,christina,ST
1122,christina,ST
1123,christina,ST
1124,christina,ST
1125,christina,ST
1126,christina,ST
1127,christina,ST
1128,christina,N
1129,christina,ST
1130,christina,ST
1131,christina,ST
1132,christina,FT
1133,christina,ST
1134,christina,ST
1135,christina,ST
1136,christina,ST
1137,christina,ST
1138,christina,ST
1139,christina,ST
1140,christina,ST
1141,christina,ST
1142,christina,ST
1143,christina,ST
1144,christina,ST
1145,christina,ST
1146,christina,ST
1147,christina,ST
1148,christina,ST
1149,christina,ST
1150,christina,ST
1151,christina,ST
1152,christina,ST
1153,christina,ST
1154,christina,ST
1155,christina,ST
1156,christina,ST
1157,christina,ST
1158,christina,FT
1159,christina,FT
1160,christina,SS
1161,christina,SS
1162,christina,SS
1163,christina,SS
1164,christina,FSA
1165,christina,FSA
1166,christina,ST
1167,christina,ST
1168,christina,ST
1169,christina,ST
1170,christina,ST
1171,christina,ST
1172,christina,ST
1173,christina,ST
1174,christina,ST
1175,christina,ST
1176,christina,ST
1177,christina,ST
1178,christina,ST
1179,christina,ST
1180,christina,ST
1181,christina,FT
1182,christina,FT
1183,christina,FT
1184,christina,ST
1185,christina,ST
1186,christina,ST
1187,christina,ST
1188,christina,ST
1189,christina,ST
1190,christina,ST
1191,christina,ST
1192,christina,ST
1193,christina,ST
1194,christina,ST
1195,christina,ST
1196,christina,ST
1197,christina,ST
1198,christina,ST
1199,christina,ST
1200,christina,ST
1201,christina,ST
1202,christina,ST
1203,christina,ST
1204,christina,ST
1205,christina,ST
1206,christina,ST
1207,christina,ST
1208,christina,ST
1209,christina,ST
1210,christina,ST
1211,christina,ST
1212,christina,ST
1213,christina,ST
1214,christina,ST
1215,christina,ST
1216,christina,ST
1217,christina,ST
1218,christina,ST
1219,christina,ST
1220,christina,ST
1221,christina,ST
1222,christina,ST
1223,christina,ST
1224,christina,ST
1225,christina,ST
1226,christina,ST
1227,christina,ST
1228,christina,ST
1229,christina,ST
1230,christina,ST
1231,christina,ST
1232,christina,ST
1233,christina,ST
1234,christina,ST
1235,christina,ST
1236,christina,ST
1237,christina,ST
1238,christina,ST
1239,christina,ST
1240,christina,ST
1241,christina,ST
1242,christina,ST
1243,christina,ST
1244,christina,ST
1245,christina,ST
1246,christina,ST
1247,christina,ST
1248,christina,ST
1249,christina,ST
1250,christina,FT
1251,christina,FT
1252,christina,FT
1253,christina,FT
1254,christina,FT
1255,christina,FT
1256,christina,FT
1257,christina,FT
1258,christina,ST
1259,christina,FT
1260,christina,FT
1261,christina,FT
1262,christina,FT
1263,christina,FT
1264,christina,FT
1265,christina,FT
1266,christina,FT
1267,christina,FT
1268,christina,FT
1269,christina,FT
1270,christina,FT
1271,christina,FT
1272,christina,FT
1273,christina,FT
1274,christina,FT
1275,christina,FT
1276,christina,FT
1277,christina,FT
1278,christina,FT
1279,christina,ST
1280,christina,ST
1281,christina,ST
1282,christina,N
1283,christina,N
1284,christina,N
1285,christina,N
1286,christina,N
1287,christina,N
1288,christina,N
1289,christina,N
1290,christina,N
1291,christina,N
1292,christina,N
1293,christina,N
1294,christina,N
1295,christina,N
1296,christina,N
1297,christina,N
1298,christina,N
1299,christina,N
1300,christina,N
1301,christina,N
1302,christina,N
1303,christina,N
1304,christina,N
1305,christina,N
1306,christina,N
1307,christina,N
1308,christina,N
1309,christina,N
1310,christina,N
1311,christina,N
1312,christina,N
1313,christina,N
1314,christina,N
1315,christina,N
1316,christina,N
1317,christina,N
1318,christina,N
1319,christina,N
1320,christina,N
1321,christina,N
1322,christina,N
1323,christina,SS
1324,christina,FSA
1325,christina,FSA
1326,christina,FSA
1327,christina,FSA
1328,christina,FS
1329,christina,N
1330,christina,N
1331,christina,N
1332,christina,N
1333,christina,N
1334,christina,N
1335,christina,N
1336,christina,N
1337,christina,N
1338,christina,N
1339,christina,N
1340,christina,N
1341,christina,N
1342,christina,N
1343,christina,N
1344,christina,N
1345,christina,N
1346,christina,N
1347,christina,N
1348,christina,N
1349,christina,N
1350,christina,N
1351,christina,N
1352,christina,N
1353,christina,N
1354,christina,N
1355,christina,ST
1356,christina,ST
1357,christina,BS
1358,christina,BS
1359,christina,BS
1360,christina,BS
1361,christina,BS
1362,christina,BS
1363,christina,FSA
1364,christina,FSA
1365,christina,FSA
1366,christina,SS
1367,christina,SS
1368,christina,FSA
1369,christina,FSA
1370,christina,FSA
1371,christina,FSA
1372,christina,FS
1373,christina,N
1374,christina,FSA
1375,christina,FSA
1376,christina,FSA
1377,christina,FSA
1378,christina,FSA
1379,christina,BS
1380,christina,FSA
1381,christina,FSA
1382,christina,FSA
1383,christina,FSA
1384,christina,FSA
1385,christina,FSA
1386,christina,FSA
1387,christina,FSA
1388,christina,FSA
1389,christina,FSA
1390,christina,FS
1391,christina,N
1392,christina,FSA
1393,christina,FSA
1394,christina,FS
1395,christina,FS
1396,christina,FS
1397,christina,FS
1398,christina,FS
1399,christina,FS
1400,christina,FS
1401,christina,FS
1402,christina,FS
1403,christina,FS
1404,christina,FS
1405,christina,FS
1406,christina,FS
1407,christina,FS
1408,christina,FS
1409,christina,FS
1410,christina,FS
1411,christina,FS
1412,christina,FS
1413,christina,FS
1414,christina,FS
1415,christina,FS
1416,christina,FS
1417,christina,FS
1418,christina,ST
1419,christina,ST
1420,christina,ST
1421,christina,FS
1422,christina,FS
1423,christina,FS
1424,christina,FS
1425,christina,FS
1426,christina,FS
1427,christina,ST
1428,christina,ST
1429,christina,ST
1430,christina,ST
1431,christina,ST
1432,christina,FS
1433,christina,FS
1434,christina,FS
1435,christina,FS
1436,christina,FS
1437,christina,ST
1438,christina,FS
1439,christina,FS
1440,christina,FS
1441,christina,FS
1442,christina,FS
1443,christina,FS
1444,christina,FS
1445,christina,ST
1446,christina,N
1447,christina,N
1448,christina,FS
1449,christina,FSA
1450,christina,FSA
1451,christina,FSA
1452,christina,FSA
1453,christina,FSA
1454,christina,FS
1455,christina,FS
1456,christina,FS
1457,christina,ST
1458,christina,N
1459,christina,FS
1460,christina,FS
1461,christina,FS
1462,christina,FS
1463,christina,FS
1464,christina,FS
1465,christina,FS
1466,christina,FS
1467,christina,FS
1468,christina,FS
1469,christina,FS
1470,christina,FS
1471,christina,ST
1472,christina,ST
1473,christina,ST
1474,christina,ST
1475,christina,ST
1476,christina,ST
1477,christina,FS
1478,christina,FS
1479,christina,FS
1480,christina,FS
1481,christina,FS
1482,christina,FS
1483,christina,FS
1484,christina,FS
1485,christina,FS
1486,christina,FS
1487,christina,FS
1488,christina,FS
1489,christina,FS
1490,christina,FS
1491,christina,FS
1492,christina,FS
1493,christina,N
1494,christina,ST
1495,christina,FS
1496,christina,FS
1497,christina,FS
1498,christina,FS
1499,christina,FS
1500,christina,FS
1501,christina,FS
1502,christina,FS
1503,christina,FS
1504,christina,ST
1505,christina,FSA
1506,christina,FSA
1507,christina,FSA
1508,christina,FSA
1509,christina,BS
1510,christina,BS
1511,christina,BS
1512,christina,BS
1513,christina,BS
1514,christina,BS
1515,christina,BS
1516,christina,BS
1517,christina,BS
1518,christina,BS
1519,christina,BS
1520,christina,BS
1521,christina,BS
1522,christina,BS
1523,christina,BS
1524,christina,BS
1525,christina,VSS
1526,christina,SS
1527,christina,SS
1528,christina,N
1529,christina,N
1530,christina,ST
1531,christina,ST
1532,christina,ST
1533,christina,ST
1534,christina,N
1535,christina,N
1536,christina,ST
1537,christina,ST
1538,christina,ST
1539,christina,ST
1540,christina,ST
1541,christina,ST
1542,christina,ST
1543,christina,ST
1544,christina,ST
1545,christina,ST
1546,christina,ST
1547,christina,N
1548,christina,FSA
1549,christina,FSA
1550,christina,FSA
1551,christina,FSA
1552,christina,FSA
1553,christina,FSA
1554,christina,FSA
1555,christina,FSA
1556,christina,FSA
1557,christina,FSA
1558,christina,FSA
1559,christina,FSA
1560,christina,FS
1561,christina,ST
1562,christina,ST
1563,christina,SS
1564,christina,FSA
1565,christina,SS
1566,christina,BS
1567,christina,FSA
1568,christina,SS
1569,christina,SS
1570,christina,FSA
1571,christina,FSA
1572,christina,N
1573,christina,N
1574,christina,N
1575,christina,SS
1576,christina,BS
1577,christina,BS
1578,christina,BS
1579,christina,BS
1580,christina,SS
1581,christina,SS
1582,christina,SS
1583,christina,SS
1584,christina,SS
1585,christina,SS
1586,christina,N
1587,christina,SS
1588,christina,SS
1589,christina,FSA
1590,christina,FSA
1591,christina,FSA
1592,christina,FSA
1593,christina,FSA
1594,christina,N
1595,christina,FSA
1596,christina,FSA
1597,christina,FSA
1598,christina,FSA
1599,christina,FSA
1600,christina,N
1601,christina,N
1602,christina,N
1603,christina,N
1604,christina,N
1605,christina,N
1606,christina,N
1607,christina,N
1608,christina,N
1609,christina,N
1610,christina,N
1611,christina,N
1612,christina,N
1613,christina,N
1614,christina,N
1615,christina,N
1616,christina,ST
1617,christina,ST
1618,christina,ST
1619,christina,ST
1620,christina,ST
1621,christina,ST
1622,christina,ST
1623,christina,ST
1624,christina,ST
1625,christina,N
1626,christina,N
1627,christina,ST
1628,christina,FSA
1629,christina,FSA
1630,christina,FSA
1631,christina,FSA
1632,christina,BS
1633,christina,BS
1634,christina,BS
1635,christina,FSA
1636,christina,FSA
1637,christina,FSA
1638,christina,FSA
1639,christina,FSA
1640,christina,FSA
1641,christina,FSA
1642,christina,FSA
1643,christina,FSA
1644,christina,FSA
1645,christina,FSA
1646,christina,FT
1647,christina,FT
1648,christina,FT
1649,christina,FT
1650,christina,FT
1651,christina,FT
1652,christina,FT
1653,christina,FT
1654,christina,FT
1655,christina,FT
1656,christina,FT
1657,christina,FT
1658,christina,FT
1659,christina,FT
1660,christina,FT
1661,christina,FT
1662,christina,FT
1663,christina,FT
1664,christina,ST
1665,christina,ST
1666,christina,ST
1667,christina,ST
1668,christina,ST
1669,christina,ST
1670,christina,ST
1671,christina,ST
1672,christina,ST
1673,christina,ST
1674,christina,ST
1675,christina,ST
1676,christina,ST
1677,christina,ST
1678,christina,N
1679,christina,N
1680,christina,ST
1681,christina,ST
1682,christina,FT
1683,christina,ST
1684,christina,FT
1685,christina,ST
1686,christina,ST
1687,christina,ST
1688,christina,ST
1689,christina,ST
1690,christina,ST
1691,christina,ST
1692,christina,ST
1693,christina,ST
1694,christina,ST
1695,christina,ST
1696,christina,ST
1697,christina,ST
1698,christina,ST
1699,christina,ST
1700,christina,ST
1701,christina,ST
1702,christina,ST
1703,christina,ST
1704,christina,ST
1705,christina,ST
1706,christina,ST
1707,christina,ST
1708,christina,ST
1709,christina,ST
1710,christina,ST
1711,christina,N
1712,christina,N
1713,christina,N
1714,christina,N
1715,christina,ST
1716,christina,ST
1717,christina,ST
1718,christina,ST
1719,christina,ST
1720,christina,ST
1721,christina,ST
1722,christina,ST
1723,christina,ST
1724,christina,ST
1725,christina,ST
1726,christina,ST
1727,christina,ST
1728,christina,ST
1729,christina,ST
1730,christina,ST
1731,christina,ST
1732,christina,ST
1733,christina,ST
1734,christina,ST
1735,christina,N
1736,christina,N
1737,christina,N
1738,christina,ST
1739,christina,ST
1740,christina,ST
1741,christina,ST
1742,christina,ST
1743,christina,ST
1744,christina,N
1745,christina,N
1746,christina,N
1747,christina,N
1748,christina,N
1749,christina,N
1750,christina,ST
1751,christina,ST
1752,christina,ST
1753,christina,ST
1754,christina,FT
1755,christina,FT
1756,christina,FT
1757,christina,ST
1758,christina,ST
1759,christina,ST
1760,christina,ST
1761,christina,ST
1762,christina,ST
1763,christina,ST
1764,christina,ST
1765,christina,ST
1766,christina,ST
1767,christina,ST
1768,christina,ST
1769,christina,ST
1770,christina,ST
1771,christina,ST
1772,christina,ST
1773,christina,ST
1774,christina,ST
1775,christina,ST
1776,christina,N
1777,christina,N
1778,christina,N
1779,christina,N
1780,christina,N
1781,christina,N
1782,christina,N
1783,christina,N
1784,christina,N
1785,christina,N
1786,christina,N
1787,christina,N
1788,christina,N
1789,christina,N
1790,christina,N
1791,christina,N
1792,christina,N
1793,christina,N
1794,christina,N
1795,christina,N
1796,christina,N
1797,christina,N
1798,christina,N
1799,christina,N
1800,christina,N
1801,christina,N
1802,christina,N
1803,christina,N
1804,christina,N
1805,christina,N
1806,christina,N
1807,christina,N
1808,christina,N
1809,christina,N
1810,christina,N
1811,christina,N
1812,christina,N
1813,christina,N
1814,christina,N
1815,christina,N
1816,christina,N
1817,christina,N
1818,christina,N
1819,christina,N
1820,christina,N
1821,christina,N
1822,christina,N
1823,christina,N
1824,christina,N
1825,christina,N
1826,christina,N
1827,christina,N
1828,christina,N
1829,christina,N
1830,christina,N
1831,christina,N
1832,christina,N
1833,christina,N
1834,christina,N
1835,christina,N
1836,christina,N
1837,christina,N
1838,christina,N
1839,christina,N
1840,christina,N
1841,christina,N
1842,christina,N
1843,christina,N
1844,christina,N
1845,christina,N
1846,christina,N
1847,christina,N
1848,christina,N
1849,christina,N
1850,christina,N
1851,christina,N
1852,christina,N
1853,christina,N
1854,christina,N
1855,christina,N
1856,christina,N
1857,christina,N
1858,christina,N
1859,christina,N
1860,christina,N
1861,christina,N
1862,christina,N
1863,christina,N
1864,christina,N
1865,christina,N
1866,christina,N
1867,christina,N
1868,christina,N
1869,christina,N
1870,christina,N
1871,christina,N
1872,christina,N
1873,christina,N
1874,christina,N
1875,christina,N
1876,christina,N
1877,christina,N
1878,christina,N
1879,christina,N
1880,christina,N
1881,christina,ST
1882,christina,ST
1883,christina,FT
1884,christina,FT
1885,christina,FT
1886,christina,ST
1887,christina,ST
1888,christina,ST
1889,christina,ST
1890,christina,N
1891,christina,N
1892,christina,N
1893,christina,N
1894,christina,N
1895,christina,N
1896,christina,N
1897,christina,N
1898,christina,N
1899,christina,N
1900,christina,N
1901,christina,N
1902,christina,N
1903,christina,N
1904,christina,N
1905,christina,N
1906,christina,N
1907,christina,N
1908,christina,N
1909,christina,N
1910,christina,N
1911,christina,N
1912,christina,N
1913,christina,N
1914,christina,N
1915,christina,N
1916,christina,N
1917,christina,N
1918,christina,ST
1919,christina,ST
1920,christina,N
1921,christina,FSA
1922,christina,FSA
1923,christina,FSA
1924,christina,FSA
1925,christina,FSA
1926,christina,FSA
1927,christina,FSA
1928,christina,FSA
1929,christina,FSA
1930,christina,FSA
1931,christina,FSA
1932,christina,FSA
1933,christina,FSA
1934,christina,FSA
1935,christina,FSA
1936,christina,FSA
1937,christina,FSA
1938,christina,FSA
1939,christina,FS
1940,christina,N
1941,christina,N
1942,christina,N
1943,christina,N
1944,christina,N
1945,christina,N
1946,christina,N
1947,christina,N
1948,christina,N
1949,christina,N
1950,christina,FS
1951,christina,FSA
1952,christina,FSA
1953,christina,FSA
1954,christina,FSA
1955,christina,FSA
1956,christina,FSA
1957,christina,FSA
1958,christina,FSA
1959,christina,FSA
1960,christina,FSA
1961,christina,FSA
1962,christina,FSA
1963,christina,FSA
1964,christina,FSA
1965,christina,FSA
1966,christina,N
1967,christina,N
1968,christina,N
1969,christina,N
1970,christina,N
1971,christina,N
1972,christina,N
1973,christina,N
1974,christina,N
1975,christina,C
1976,christina,SS
1977,christina,SS
1978,christina,SS
1979,christina,SS
1980,christina,FS
1981,christina,FT
1982,christina,ST
1983,christina,ST
1984,christina,ST
1985,christina,ST
1986,christina,ST
1987,christina,ST
1988,christina,ST
1989,christina,ST
1990,christina,ST
1991,christina,ST
1992,christina,ST
1993,christina,ST
1994,christina,ST
1995,christina,ST
1996,christina,ST
1997,christina,ST
1998,christina,ST
1999,christina,ST
2000,christina,ST
2001,christina,N
2002,christina,N
2003,christina,N
2004,christina,N
2005,christina,N
2006,christina,N
2007,christina,N
2008,christina,N
2009,christina,N
2010,christina,N
2011,christina,N
2012,christina,N
2013,christina,N
2014,christina,N
2015,christina,N
2016,christina,N
2017,christina,N
2018,christina,N
2019,christina,N
2020,christina,N
2021,christina,N
2022,christina,N
2023,christina,N
2024,christina,N
2025,christina,N
2026,christina,N
2027,christina,N
2028,christina,N
2029,christina,N
2030,christina,N
2031,christina,N
2032,christina,N
2033,christina,N
2034,christina,N
2035,christina,N
2036,christina,N
2037,christina,N
2038,christina,N
2039,christina,N
2040,christina,N
2041,christina,N
2042,christina,N
2043,christina,N
2044,christina,N
2045,christina,N
2046,christina,N
2047,christina,N
2048,christina,N
2049,christina,N
2050,christina,N
2051,christina,N
2052,christina,N
2053,christina,N
2054,christina,N
2055,christina,N
2056,christina,N
2057,christina,N
2058,christina,N
2059,christina,N
2060,christina,N
2061,christina,N
2062,christina,N
2063,christina,N
2064,christina,N
2065,christina,N
2066,christina,N
2067,christina,N
2068,christina,N
2069,christina,N
2070,christina,N
2071,christina,N
2072,christina,N
2073,christina,N
2074,christina,N
2075,christina,N
2076,christina,N
2077,christina,N
2078,christina,N
2079,christina,N
2080,christina,N
2081,christina,N
2082,christina,N
2083,christina,N
2084,christina,N
2085,christina,N
2086,christina,N
2087,christina,N
2088,charles,N
2089,charles,N
2090,charles,N
2091,charles,N
2092,charles,N
2093,charles,N
2094,charles,N
2095,charles,ST
2096,charles,ST
2097,charles,ST
2098,charles,ST
2099,charles,ST
2100,charles,N
2101,charles,N
2102,charles,ST
2103,charles,ST
2104,charles,ST
2105,charles,ST
2106,charles,ST
2107,charles,N
2108,charles,N
2109,charles,N
2110,charles,ST
2111,charles,ST
2112,charles,ST
2113,charles,ST
2114,charles,ST
2115,charles,N
2116,charles,ST
2117,charles,ST
2118,charles,ST
2119,charles,ST
2120,charles,ST
2121,charles,N
2122,charles,ST
2123,charles,ST
2124,charles,ST
2125,charles,ST
2126,charles,ST
2127,charles,N
2128,charles,ST
2129,charles,ST
2130,charles,ST
2131,charles,ST
2132,charles,ST
2133,charles,ST
2134,charles,ST
2135,charles,ST
2136,charles,ST
2137,charles,ST
2138,charles,ST
2139,charles,ST
2140,charles,ST
2141,charles,ST
2142,charles,ST
2143,charles,ST
2144,charles,ST
2145,charles,ST
2146,charles,ST
2147,charles,ST
2148,charles,ST
2149,charles,ST
2150,charles,ST
2151,charles,ST
2152,charles,ST
2153,charles,ST
2154,charles,ST
2155,charles,ST
2156,charles,ST
2157,charles,ST
2158,charles,ST
2159,charles,ST
2160,charles,ST
2161,charles,ST
2162,charles,ST
2163,charles,ST
2164,charles,ST
2165,charles,ST
2166,charles,ST
2167,charles,ST
2168,charles,ST
2169,charles,ST
2170,charles,ST
2171,charles,ST
2172,charles,ST
2173,charles,ST
2174,charles,ST
2175,charles,ST
2176,charles,ST
2177,charles,ST
2178,charles,ST
2179,charles,ST
2180,charles,ST
2181,charles,ST
2182,charles,ST
2183,charles,ST
2184,charles,ST
2185,charles,ST
2186,charles,ST
2187,charles,ST
2188,charles,ST
2189,charles,ST
2190,charles,ST
2191,charles,ST
2192,charles,ST
2193,charles,ST
2194,charles,ST
2195,charles,ST
2196,charles,ST
2197,charles,ST
2198,charles,ST
2199,charles,ST
2200,charles,ST
2201,charles,ST
2202,charles,ST
2203,charles,ST
2204,charles,ST
2205,charles,ST
2206,charles,ST
2207,charles,ST
2208,charles,ST
2209,charles,ST
2210,charles,ST
2211,charles,ST
2212,charles,ST
2213,charles,ST
2214,charles,ST
2215,charles,ST
2216,charles,ST
2217,charles,ST
2218,charles,ST
2219,charles,ST
2220,charles,ST
2221,charles,FT
2222,charles,FT
2223,charles,FT
2224,charles,FT
2225,charles,FT
2226,charles,ST
2227,charles,ST
2228,charles,ST
2229,charles,ST
2230,charles,ST
2231,charles,ST
2232,charles,ST
2233,charles,ST
2234,charles,ST
2235,charles,ST
2236,charles,ST
2237,charles,ST
2238,charles,ST
2239,charles,ST
2240,charles,ST
2241,charles,ST
2242,charles,ST
2243,charles,ST
2244,charles,ST
2245,charles,ST
2246,charles,ST
2247,charles,ST
2248,charles,ST
2249,charles,ST
2250,charles,ST
2251,charles,ST
2252,charles,ST
2253,charles,ST
2254,charles,ST
2255,charles,ST
2256,charles,ST
2257,charles,ST
2258,charles,ST
2259,charles,ST
2260,charles,ST
2261,charles,ST
2262,charles,ST
2263,charles,ST
2264,charles,ST
2265,charles,ST
2266,charles,FT
2267,charles,FT
2268,charles,C
2269,charles,C
2270,charles,C
2271,charles,C
2272,charles,C
2273,charles,C
2274,charles,C
2275,charles,C
2276,charles,C
2277,charles,C
2278,charles,C
2279,charles,C
2280,charles,C
2281,charles,C
2282,charles,C
2283,charles,C
2284,charles,C
2285,charles,C
2286,charles,C
2287,charles,C
2288,charles,C
2289,charles,C
2290,charles,C
2291,charles,C
2292,charles,C
2293,charles,C
2294,charles,C
2295,charles,C
2296,charles,C
2297,charles,C
2298,charles,C
2299,charles,C
2300,charles,C
2301,charles,C
2302,charles,C
2303,charles,C
2304,charles,C
2305,charles,C
2306,charles,C
2307,charles,C
2308,charles,C
2309,charles,C
2310,charles,C
2311,charles,C
2312,charles,C
2313,charles,C
2314,charles,FSA
2315,charles,FSA
2316,charles,FSA
2317,charles,FSA
2318,charles,FSA
2319,charles,FSA
2320,charles,FSA
2321,charles,BS
2322,charles,BS
2323,charles,BS
2324,charles,BS
2325,charles,BS
2326,charles,BS
2327,charles,BS
2328,charles,BS
2329,charles,BS
2330,charles,BS
2331,charles,FSA
2332,charles,FSA
2333,charles,FSA
2334,charles,FSA
2335,charles,FSA
2336,charles,FSA
2337,charles,N
2338,charles,N
2339,charles,N
2340,charles,N
2341,charles,N
2342,charles,N
2343,charles,N
2344,charles,N
2345,charles,N
2346,charles,N
2347,charles,N
2348,charles,N
2349,charles,N
2350,charles,N
2351,charles,N
2352,charles,N
2353,charles,N
2354,charles,N
2355,charles,N
2356,charles,N
2357,charles,C
2358,charles,C
2359,charles,SS
2360,charles,SS
2361,charles,BS
2362,charles,BS
2363,charles,BS
2364,charles,BS
2365,charles,BS
2366,charles,BS
2367,charles,BS
2368,charles,BS
2369,charles,BS
2370,charles,BS
2371,charles,BS
2372,charles,BS
2373,charles,BS
2374,charles,BS
2375,charles,BS
2376,charles,FSA
2377,charles,FSA
2378,charles,FSA
2379,charles,BS
2380,charles,BS
2381,charles,BS
2382,charles,BS
2383,charles,BS
2384,charles,BS
2385,charles,FSA
2386,charles,FSA
2387,charles,C
2388,charles,FSA
2389,charles,FSA
2390,charles,FSA
2391,charles,BS
2392,charles,BS
2393,charles,FSA
2394,charles,BS
2395,charles,FSA
2396,charles,BS
2397,charles,BS
2398,charles,BS
2399,charles,BS
2400,charles,BS
2401,charles,BS
2402,charles,BS
2403,charles,SS
2404,charles,BS
2405,charles,BS
2406,charles,BS
2407,charles,BS
2408,charles,C
2409,charles,C
2410,charles,SS
2411,charles,BS
2412,charles,BS
2413,charles,BS
2414,charles,BS
2415,charles,BS
2416,charles,BS
2417,charles,FSA
2418,charles,FSA
2419,charles,BS
2420,charles,FSA
2421,charles,FSA
2422,charles,FSA
2423,charles,FSA
2424,charles,FSA
2425,charles,BS
2426,charles,BS
2427,charles,BS
2428,charles,BS
2429,charles,FSA
2430,charles,FSA
2431,charles,FSA
2432,charles,FSA
2433,charles,FSA
2434,charles,FSA
2435,charles,FSA
2436,charles,FSA
2437,charles,FSA
2438,charles,FSA
2439,charles,FSA
2440,charles,FSA
2441,charles,BS
2442,charles,BS
2443,charles,BS
2444,charles,SS
2445,charles,FSA
2446,charles,C
2447,charles,C
2448,charles,FSA
2449,charles,FSA
2450,charles,FSA
2451,charles,FSA
2452,charles,FSA
2453,charles,FSA
2454,charles,FSA
2455,charles,FSA
2456,charles,BS
2457,charles,FSA
2458,charles,FSA
2459,charles,FSA
2460,charles,FSA
2461,charles,FSA
2462,charles,FSA
2463,charles,FSA
2464,charles,FSA
2465,charles,FSA
2466,charles,FSA
2467,charles,FSA
2468,charles,FSA
2469,charles,FSA
2470,charles,C
2471,charles,C
2472,charles,C
2473,charles,C
2474,charles,C
2475,charles,C
2476,charles,C
2477,charles,C
2478,charles,C
2479,charles,C
2480,charles,C
2481,charles,C
2482,charles,C
2483,charles,C
2484,charles,C
2485,charles,C
2486,charles,C
2487,charles,C
2488,charles,C
2489,charles,C
2490,charles,C
2491,charles,C
2492,charles,C
2493,charles,SS
2494,charles,SS
2495,charles,C
2496,charles,C
2497,charles,C
2498,charles,C
2499,charles,C
2500,charles,C
2501,charles,C
2502,charles,C
2503,charles,C
2504,charles,C
2505,charles,C
2506,charles,C
2507,charles,C
2508,charles,C
2509,charles,FS
2510,charles,FS
2511,charles,FS
2512,charles,FS
2513,charles,FS
2514,charles,FS
2515,charles,FS
2516,charles,FS
2517,charles,FS
2518,charles,ST
2519,charles,ST
2520,charles,FT
2521,charles,FS
2522,charles,FS
2523,charles,FS
2524,charles,FS
2525,charles,FS
2526,charles,FS
2527,charles,FS
2528,charles,FS
2529,charles,FS
2530,charles,ST
2531,charles,ST
2532,charles,ST
2533,charles,ST
2534,charles,ST
2535,charles,ST
2536,charles,FS
2537,charles,FS
2538,charles,FS
2539,charles,FS
2540,charles,FS
2541,charles,ST
2542,charles,FS
2543,charles,FS
2544,charles,FS
2545,charles,FS
2546,charles,FS
2547,charles,FS
2548,charles,FS
2549,charles,FS
2550,charles,FS
2551,charles,FS
2552,charles,FS
2553,charles,FS
2554,charles,FS
2555,charles,FS
2556,charles,FS
2557,charles,FS
2558,charles,FS
2559,charles,FS
2560,charles,FS
2561,charles,FS
2562,charles,FS
2563,charles,FS
2564,charles,FS
2565,charles,FS
2566,charles,FS
2567,charles,FS
2568,charles,FS
2569,charles,FS
2570,charles,FS
2571,charles,FS
2572,charles,FS
2573,charles,FS
2574,charles,FS
2575,charles,FS
2576,charles,FS
2577,charles,FS
2578,charles,FS
2579,charles,FS
2580,charles,FS
2581,charles,FS
2582,charles,FS
2583,charles,FS
2584,charles,FS
2585,charles,FT
2586,charles,FT
2587,charles,FT
2588,charles,FT
2589,charles,FT
2590,charles,FT
2591,charles,FT
2592,charles,FT
2593,charles,FT
2594,charles,FT
2595,charles,FT
2596,charles,FT
2597,charles,FS
2598,charles,FS
2599,charles,FS
2600,charles,FS
2601,charles,FSA
2602,charles,SS
2603,charles,SS
2604,charles,SS
2605,charles,BS
2606,charles,BS
2607,charles,FSA
2608,charles,FSA
2609,charles,FSA
2610,charles,FSA
2611,charles,ST
2612,charles,ST
2613,charles,ST
2614,charles,ST
2615,charles,ST
2616,charles,ST
2617,charles,ST
2618,charles,ST
2619,charles,FS
2620,charles,FS
2621,charles,FS
2622,charles,FS
2623,charles,FS
2624,charles,FT
2625,charles,FT
2626,charles,FT
2627,charles,FT
2628,charles,ST
2629,charles,ST
2630,charles,FT
2631,charles,FT
2632,charles,FT
2633,charles,FT
2634,charles,FT
2635,charles,FT
2636,charles,FT
2637,charles,FT
2638,charles,FT
2639,charles,FT
2640,charles,FT
2641,charles,FS
2642,charles,FT
2643,charles,FT
2644,charles,FS
2645,charles,FS
2646,charles,FS
2647,charles,FS
2648,charles,FS
2649,charles,FS
2650,charles,FSA
2651,charles,FSA
2652,charles,FS
2653,charles,FT
2654,charles,FT
2655,charles,FT
2656,charles,ST
2657,charles,ST
2658,charles,ST
2659,charles,ST
2660,charles,ST
2661,charles,ST
2662,charles,ST
2663,charles,ST
2664,charles,ST
2665,charles,ST
2666,charles,ST
2667,charles,ST
2668,charles,ST
2669,charles,ST
2670,charles,ST
2671,charles,ST
2672,charles,ST
2673,charles,FT
2674,charles,FT
2675,charles,FT
2676,charles,FT
2677,charles,FT
2678,charles,ST
2679,charles,ST
2680,charles,N
2681,charles,N
2682,charles,SS
2683,charles,SS
2684,charles,SS
2685,charles,VSS
2686,charles,VSS
2687,charles,SS
2688,charles,BS
2689,charles,BS
2690,charles,SS
2691,charles,SS
2692,charles,SS
2693,charles,SS
2694,charles,BS
2695,charles,BS
2696,charles,C
2697,charles,SS
2698,charles,SS
2699,charles,SS
2700,charles,SS
2701,charles,SS
2702,charles,SS
2703,charles,SS
2704,charles,SS
2705,charles,SS
2706,charles,SS
2707,charles,SS
2708,charles,VSS
2709,charles,VSS
2710,charles,VSS
2711,charles,VSS
2712,charles,VSS
2713,charles,VSS
2714,charles,VSS
2715,charles,VSS
2716,charles,VSS
2717,charles,VSS
2718,charles,VSS
2719,charles,VSS
2720,charles,VSS
2721,charles,VSS
2722,charles,VSS
2723,charles,VSS
2724,charles,VSS
2725,charles,VSS
2726,charles,VSS
2727,charles,VSS
2728,charles,VSS
2729,charles,VSS
2730,charles,VSS
2731,charles,VSS
2732,charles,VSS
2733,charles,VSS
2734,charles,VSS
2735,charles,VSS
2736,charles,VSS
2737,charles,VSS
2738,charles,N
2739,charles,ST
2740,charles,ST
2741,charles,ST
2742,charles,N
2743,charles,N
2744,charles,N
2745,charles,N
2746,charles,N
2747,charles,N
2748,charles,ST
2749,charles,ST
2750,charles,ST
2751,charles,ST
2752,charles,ST
2753,charles,ST
2754,charles,ST
2755,charles,ST
2756,charles,ST
2757,charles,ST
2758,charles,ST
2759,charles,ST
2760,charles,ST
2761,charles,ST
2762,charles,ST
2763,charles,ST
2764,charles,ST
2765,charles,ST
2766,charles,ST
2767,charles,ST
2768,charles,ST
2769,charles,ST
2770,charles,ST
2771,charles,ST
2772,charles,ST
2773,charles,FT
2774,charles,FT
2775,charles,FT
2776,charles,FT
2777,charles,FT
2778,charles,FT
2779,charles,FT
2780,charles,FT
2781,charles,FT
2782,charles,FT
2783,charles,FT
2784,charles,FT
2785,charles,FT
2786,charles,FT
2787,charles,FT
2788,charles,FT
2789,charles,FT
2790,charles,FT
2791,charles,FT
2792,charles,FT
2793,charles,FT
2794,charles,FT
2795,charles,FT
2796,charles,FT
2797,charles,FT
2798,charles,FT
2799,charles,FT
2800,charles,FT
2801,charles,FT
2802,charles,FT
2803,charles,ST
2804,charles,ST
2805,charles,N
2806,charles,N
2807,charles,N
2808,charles,N
2809,charles,N
2810,charles,N
2811,charles,N
2812,charles,N
2813,charles,N
2814,charles,N
2815,charles,N
2816,charles,N
2817,charles,N
2818,charles,N
2819,charles,N
2820,charles,N
2821,charles,N
2822,charles,N
2823,charles,N
2824,charles,N
2825,charles,N
2826,charles,N
2827,charles,N
2828,charles,N
2829,charles,ST
2830,charles,FSA
2831,charles,FSA
2832,charles,FSA
2833,charles,FSA
2834,charles,FSA
2835,charles,FSA
2836,charles,FSA
2837,charles,FSA
2838,charles,FSA
2839,charles,FSA
2840,charles,FSA
2841,charles,FSA
2842,charles,FSA
2843,charles,FSA
2844,charles,FSA
2845,charles,FSA
2846,charles,FSA
2847,charles,BS
2848,charles,BS
2849,charles,BS
2850,charles,BS
2851,charles,BS
2852,charles,BS
2853,charles,BS
2854,charles,BS
2855,charles,FSA
2856,charles,FSA
2857,charles,FSA
2858,charles,FS
2859,charles,FS
2860,charles,ST
2861,charles,N
2862,charles,N
2863,charles,FS
2864,charles,FS
2865,charles,FS
2866,charles,FSA
2867,charles,FSA
2868,charles,SS
2869,charles,SS
2870,charles,SS
2871,charles,SS
2872,charles,SS
2873,charles,SS
2874,charles,SS
2875,charles,SS
2876,charles,SS
2877,charles,SS
2878,charles,SS
2879,charles,FSA
2880,charles,BS
2881,charles,BS
2882,charles,BS
2883,charles,BS
2884,charles,SS
2885,charles,SS
2886,charles,SS
2887,charles,SS
2888,charles,SS
2889,charles,SS
2890,charles,C
2891,charles,C
2892,charles,N
2893,charles,N
2894,charles,N
2895,charles,N
2896,charles,N
2897,charles,N
2898,charles,N
2899,charles,ST
2900,charles,ST
2901,charles,ST
2902,charles,ST
2903,charles,ST
2904,charles,ST
2905,charles,ST
2906,charles,ST
2907,charles,ST
2908,charles,ST
2909,charles,ST
2910,charles,ST
2911,charles,ST
2912,charles,ST
2913,charles,ST
2914,charles,ST
2915,charles,ST
2916,charles,ST
2917,charles,ST
2918,charles,ST
2919,charles,ST
2920,charles,ST
2921,charles,N
2922,charles,N
2923,charles,N
2924,charles,N
2925,charles,N
2926,charles,N
2927,charles,N
2928,charles,FS
2929,charles,FSA
2930,charles,FSA
2931,charles,FSA
2932,charles,FSA
2933,charles,BS
2934,charles,BS
2935,charles,BS
2936,charles,BS
2937,charles,FSA
2938,charles,FSA
2939,charles,FSA
2940,charles,FSA
2941,charles,FSA
2942,charles,FSA
2943,charles,FSA
2944,charles,FSA
2945,charles,FSA
2946,charles,FSA
2947,charles,FSA
2948,charles,FSA
2949,charles,FSA
2950,charles,FSA
2951,charles,FSA
2952,charles,FSA
2953,charles,FSA
2954,charles,FSA
2955,charles,BS
2956,charles,FSA
2957,charles,FSA
2958,charles,FSA
2959,charles,FSA
2960,charles,FSA
2961,charles,FSA
2962,charles,FSA
2963,charles,FSA
2964,charles,FSA
2965,charles,FSA
2966,charles,FSA
2967,charles,FSA
2968,charles,FSA
2969,charles,FSA
2970,charles,FSA
2971,charles,FSA
2972,charles,FSA
2973,charles,FSA
2974,charles,SS
2975,charles,SS
2976,charles,SS
2977,charles,SS
2978,charles,SS
2979,charles,FSA
2980,charles,FSA
2981,charles,FSA
2982,charles,FSA
2983,charles,FSA
2984,charles,FSA
2985,charles,FSA
2986,charles,FSA
2987,charles,FSA
2988,charles,FSA
2989,charles,FSA
2990,charles,FSA
2991,charles,FS
2992,charles,FSA
2993,charles,FSA
2994,charles,FSA
2995,charles,FSA
2996,charles,FSA
2997,charles,FSA
2998,charles,FSA
2999,charles,FSA
3000,charles,FSA
3001,charles,FSA
3002,charles,FSA
3003,charles,FSA
3004,charles,FSA
3005,charles,FSA
3006,charles,FSA
3007,charles,FSA
3008,charles,FSA
3009,charles,FSA
3010,charles,FSA
3011,charles,FSA
3012,charles,FSA
3013,charles,FSA
3014,charles,FSA
3015,charles,FSA
3016,charles,FSA
3017,charles,FSA
3018,charles,FSA
3019,charles,FSA
3020,charles,FSA
3021,charles,FSA
3022,charles,FSA
3023,charles,FSA
3024,charles,FSA
3025,charles,FSA
3026,charles,N
3027,charles,N
3028,charles,N
3029,charles,N
3030,charles,N
3031,charles,N
3032,charles,N
3033,charles,N
3034,charles,N
3035,charles,N
3036,charles,N
3037,charles,N
3038,charles,N
3039,charles,N
3040,charles,N
3041,charles,N
3042,charles,N
3043,charles,N
3044,charles,N
3045,charles,N
3046,charles,N
3047,charles,N
3048,charles,N
3049,charles,N
3050,charles,N
3051,charles,N
3052,charles,N
3053,charles,ST
3054,charles,ST
3055,charles,ST
3056,charles,ST
3057,charles,ST
3058,charles,ST
3059,charles,ST
3060,charles,N
3061,charles,N
3062,charles,N
3063,charles,N
3064,charles,N
3065,charles,N
3066,charles,N
3067,charles,N
3068,charles,N
3069,charles,N
3070,charles,N
3071,charles,N
3072,charles,N
3073,charles,N
3074,charles,N
3075,charles,N
3076,charles,N
3077,charles,N
3078,charles,N
3079,charles,N
3080,charles,N
3081,charles,N
3082,charles,N
3083,charles,N
3084,charles,N
3085,charles,FS
3086,charles,N
3087,charles,FSA
3088,charles,FSA
3089,charles,FSA
3090,charles,FSA
3091,charles,BS
3092,charles,FSA
3093,charles,FSA
3094,charles,FSA
3095,charles,FSA
3096,charles,FSA
3097,charles,FSA
3098,charles,FSA
3099,charles,FSA
3100,charles,FSA
3101,charles,FSA
3102,charles,FSA
3103,charles,FSA
3104,charles,FSA
3105,charles,FSA
3106,charles,BS
3107,charles,BS
3108,charles,BS
3109,charles,SS
3110,charles,SS
3111,charles,SS
3112,charles,C
3113,charles,N
3114,charles,N
3115,charles,N
3116,charles,N
3117,charles,N
3118,charles,N
3119,charles,N
3120,charles,N
3121,charles,N
3122,charles,N
3123,charles,N
3124,charles,N
3125,charles,N
3126,charles,N
3127,charles,N
3128,charles,N
3129,charles,N
3130,charles,N
3131,charles,N
3132,jonathan,N
3133,jonathan,N
3134,jonathan,N
3135,jonathan,N
3136,jonathan,N
3137,jonathan,N
3138,jonathan,N
3139,jonathan,N
3140,jonathan,N
3141,jonathan,N
3142,jonathan,N
3143,jonathan,N
3144,jonathan,N
3145,jonathan,N
3146,jonathan,N
3147,jonathan,N
3148,jonathan,N
3149,jonathan,N
3150,jonathan,N
3151,jonathan,N
3152,jonathan,N
3153,jonathan,N
3154,jonathan,N
3155,jonathan,N
3156,jonathan,N
3157,jonathan,N
3158,jonathan,ST
3159,jonathan,ST
3160,jonathan,ST
3161,jonathan,ST
3162,jonathan,ST
3163,jonathan,ST
3164,jonathan,ST
3165,jonathan,N
3166,jonathan,N
3167,jonathan,N
3168,jonathan,ST
3169,jonathan,ST
3170,jonathan,ST
3171,jonathan,ST
3172,jonathan,ST
3173,jonathan,ST
3174,jonathan,ST
3175,jonathan,ST
3176,jonathan,ST
3177,jonathan,N
3178,jonathan,N
3179,jonathan,N
3180,jonathan,N
3181,jonathan,ST
3182,jonathan,ST
3183,jonathan,ST
3184,jonathan,ST
3185,jonathan,ST
3186,jonathan,ST
3187,jonathan,ST
3188,jonathan,ST
3189,jonathan,N
3190,jonathan,N
3191,jonathan,N
3192,jonathan,N
3193,jonathan,N
3194,jonathan,N
3195,jonathan,ST
3196,jonathan,ST
3197,jonathan,ST
3198,jonathan,ST
3199,jonathan,ST
3200,jonathan,ST
3201,jonathan,ST
3202,jonathan,ST
3203,jonathan,ST
3204,jonathan,ST
3205,jonathan,ST
3206,jonathan,N
3207,jonathan,N
3208,jonathan,ST
3209,jonathan,ST
3210,jonathan,SS
3211,jonathan,SS
3212,jonathan,SS
3213,jonathan,SS
3214,jonathan,SS
3215,jonathan,C
3216,jonathan,SS
3217,jonathan,SS
3218,jonathan,SS
3219,jonathan,SS
3220,jonathan,C
3221,jonathan,N
3222,jonathan,ST
3223,jonathan,ST
3224,jonathan,ST
3225,jonathan,ST
3226,jonathan,ST
3227,jonathan,ST
3228,jonathan,ST
3229,jonathan,ST
3230,jonathan,N
3231,jonathan,N
3232,jonathan,N
3233,jonathan,ST
3234,jonathan,ST
3235,jonathan,ST
3236,jonathan,ST
3237,jonathan,ST
3238,jonathan,ST
3239,jonathan,ST
3240,jonathan,N
3241,jonathan,N
3242,jonathan,N
3243,jonathan,N
3244,jonathan,N
3245,jonathan,N
3246,jonathan,N
3247,jonathan,N
3248,jonathan,N
3249,jonathan,N
3250,jonathan,N
3251,jonathan,N
3252,jonathan,N
3253,jonathan,N
3254,jonathan,N
3255,jonathan,N
3256,jonathan,N
3257,jonathan,N
3258,jonathan,N
3259,jonathan,N
3260,jonathan,N
3261,jonathan,N
3262,jonathan,N
3263,jonathan,ST
3264,jonathan,ST
3265,jonathan,ST
3266,jonathan,ST
3267,jonathan,ST
3268,jonathan,ST
3269,jonathan,ST
3270,jonathan,N
3271,jonathan,N
3272,jonathan,N
3273,jonathan,N
3274,jonathan,N
3275,jonathan,N
3276,jonathan,N
3277,jonathan,N
3278,jonathan,N
3279,jonathan,N
3280,jonathan,N
3281,jonathan,N
3282,jonathan,ST
3283,jonathan,ST
3284,jonathan,ST
3285,jonathan,ST
3286,jonathan,ST
3287,jonathan,ST
3288,jonathan,ST
3289,jonathan,ST
3290,jonathan,ST
3291,jonathan,ST
3292,jonathan,ST
3293,jonathan,ST
3294,jonathan,ST
3295,jonathan,ST
3296,jonathan,ST
3297,jonathan,ST
3298,jonathan,ST
3299,jonathan,ST
3300,jonathan,ST
3301,jonathan,ST
3302,jonathan,ST
3303,jonathan,ST
3304,jonathan,ST
3305,jonathan,ST
3306,jonathan,ST
3307,jonathan,ST
3308,jonathan,ST
3309,jonathan,ST
3310,jonathan,ST
3311,jonathan,ST
3312,jonathan,ST
3313,jonathan,ST
3314,jonathan,ST
3315,jonathan,ST
3316,jonathan,ST
3317,jonathan,ST
3318,jonathan,ST
3319,jonathan,ST
3320,jonathan,ST
3321,jonathan,ST
3322,jonathan,ST
3323,jonathan,ST
3324,jonathan,ST
3325,jonathan,ST
3326,jonathan,ST
3327,jonathan,ST
3328,jonathan,ST
3329,jonathan,ST
3330,jonathan,ST
3331,jonathan,ST
3332,jonathan,ST
3333,jonathan,ST
3334,jonathan,ST
3335,jonathan,ST
3336,jonathan,ST
3337,jonathan,ST
3338,jonathan,ST
3339,jonathan,ST
3340,jonathan,ST
3341,jonathan,ST
3342,jonathan,FT
3343,jonathan,ST
3344,jonathan,ST
3345,jonathan,ST
3346,jonathan,ST
3347,jonathan,ST
3348,jonathan,ST
3349,jonathan,ST
3350,jonathan,ST
3351,jonathan,ST
3352,jonathan,ST
3353,jonathan,ST
3354,jonathan,ST
3355,jonathan,ST
3356,jonathan,ST
3357,jonathan,ST
3358,jonathan,ST
3359,jonathan,ST
3360,jonathan,ST
3361,jonathan,ST
3362,jonathan,ST
3363,jonathan,ST
3364,jonathan,ST
3365,jonathan,ST
3366,jonathan,FT
3367,jonathan,FT
3368,jonathan,SS
3369,jonathan,SS
3370,jonathan,SS
3371,jonathan,SS
3372,jonathan,SS
3373,jonathan,SS
3374,jonathan,FSA
3375,jonathan,FSA
3376,jonathan,FSA
3377,jonathan,BS
3378,jonathan,BS
3379,jonathan,BS
3380,jonathan,BS
3381,jonathan,BS
3382,jonathan,BS
3383,jonathan,BS
3384,jonathan,BS
3385,jonathan,BS
3386,jonathan,BS
3387,jonathan,BS
3388,jonathan,BS
3389,jonathan,BS
3390,jonathan,BS
3391,jonathan,BS
3392,jonathan,BS
3393,jonathan,BS
3394,jonathan,BS
3395,jonathan,BS
3396,jonathan,BS
3397,jonathan,BS
3398,jonathan,BS
3399,jonathan,BS
3400,jonathan,BS
3401,jonathan,BS
3402,jonathan,BS
3403,jonathan,BS
3404,jonathan,BS
3405,jonathan,BS
3406,jonathan,BS
3407,jonathan,BS
3408,jonathan,BS
3409,jonathan,BS
3410,jonathan,BS
3411,jonathan,BS
3412,jonathan,BS
3413,jonathan,BS
3414,jonathan,BS
3415,jonathan,BS
3416,jonathan,BS
3417,jonathan,BS
3418,jonathan,BS
3419,jonathan,BS
3420,jonathan,BS
3421,jonathan,BS
3422,jonathan,BS
3423,jonathan,BS
3424,jonathan,BS
3425,jonathan,BS
3426,jonathan,BS
3427,jonathan,BS
3428,jonathan,BS
3429,jonathan,BS
3430,jonathan,BS
3431,jonathan,BS
3432,jonathan,BS
3433,jonathan,BS
3434,jonathan,BS
3435,jonathan,BS
3436,jonathan,BS
3437,jonathan,BS
3438,jonathan,BS
3439,jonathan,BS
3440,jonathan,BS
3441,jonathan,BS
3442,jonathan,BS
3443,jonathan,BS
3444,jonathan,BS
3445,jonathan,BS
3446,jonathan,BS
3447,jonathan,BS
3448,jonathan,BS
3449,jonathan,BS
3450,jonathan,BS
3451,jonathan,BS
3452,jonathan,BS
3453,jonathan,BS
3454,jonathan,BS
3455,jonathan,BS
3456,jonathan,BS
3457,jonathan,BS
3458,jonathan,BS
3459,jonathan,BS
3460,jonathan,BS
3461,jonathan,BS
3462,jonathan,BS
3463,jonathan,BS
3464,jonathan,BS
3465,jonathan,BS
3466,jonathan,BS
3467,jonathan,BS
3468,jonathan,BS
3469,jonathan,BS
3470,jonathan,BS
3471,jonathan,BS
3472,jonathan,BS
3473,jonathan,BS
3474,jonathan,BS
3475,jonathan,BS
3476,jonathan,BS
3477,jonathan,BS
3478,jonathan,BS
3479,jonathan,BS
3480,jonathan,BS
3481,jonathan,BS
3482,jonathan,BS
3483,jonathan,BS
3484,jonathan,BS
3485,jonathan,BS
3486,jonathan,BS
3487,jonathan,BS
3488,jonathan,BS
3489,jonathan,BS
3490,jonathan,BS
3491,jonathan,BS
3492,jonathan,BS
3493,jonathan,BS
3494,jonathan,BS
3495,jonathan,BS
3496,jonathan,BS
3497,jonathan,BS
3498,jonathan,BS
3499,jonathan,BS
3500,jonathan,BS
3501,jonathan,BS
3502,jonathan,BS
3503,jonathan,BS
3504,jonathan,BS
3505,jonathan,BS
3506,jonathan,BS
3507,jonathan,BS
3508,jonathan,BS
3509,jonathan,BS
3510,jonathan,BS
3511,jonathan,BS
3512,jonathan,BS
3513,jonathan,BS
3514,jonathan,BS
3515,jonathan,BS
3516,jonathan,BS
3517,jonathan,BS
3518,jonathan,BS
3519,jonathan,BS
3520,jonathan,FSA
3521,jonathan,BS
3522,jonathan,BS
3523,jonathan,BS
3524,jonathan,BS
3525,jonathan,BS
3526,jonathan,BS
3527,jonathan,BS
3528,jonathan,SS
3529,jonathan,SS
3530,jonathan,SS
3531,jonathan,SS
3532,jonathan,SS
3533,jonathan,SS
3534,jonathan,SS
3535,jonathan,SS
3536,jonathan,SS
3537,jonathan,SS
3538,jonathan,ST
3539,jonathan,ST
3540,jonathan,ST
3541,jonathan,ST
3542,jonathan,ST
3543,jonathan,ST
3544,jonathan,ST
3545,jonathan,ST
3546,jonathan,ST
3547,jonathan,ST
3548,jonathan,ST
3549,jonathan,ST
3550,jonathan,ST
3551,jonathan,ST
3552,jonathan,ST
3553,jonathan,ST
3554,jonathan,ST
3555,jonathan,ST
3556,jonathan,ST
3557,jonathan,ST
3558,jonathan,ST
3559,jonathan,ST
3560,jonathan,ST
3561,jonathan,ST
3562,jonathan,ST
3563,jonathan,ST
3564,jonathan,ST
3565,jonathan,ST
3566,jonathan,ST
3567,jonathan,ST
3568,jonathan,ST
3569,jonathan,ST
3570,jonathan,FSA
3571,jonathan,FS
3572,jonathan,FS
3573,jonathan,FS
3574,jonathan,FS
3575,jonathan,FS
3576,jonathan,FS
3577,jonathan,FS
3578,jonathan,FSA
3579,jonathan,FSA
3580,jonathan,FSA
3581,jonathan,FSA
3582,jonathan,FSA
3583,jonathan,FT
3584,jonathan,FSA
3585,jonathan,FSA
3586,jonathan,FSA
3587,jonathan,FSA
3588,jonathan,FSA
3589,jonathan,FS
3590,jonathan,FS
3591,jonathan,FSA
3592,jonathan,FSA
3593,jonathan,FSA
3594,jonathan,FSA
3595,jonathan,FSA
3596,jonathan,FSA
3597,jonathan,FSA
3598,jonathan,FSA
3599,jonathan,FSA
3600,jonathan,FSA
3601,jonathan,FSA
3602,jonathan,FSA
3603,jonathan,FSA
3604,jonathan,FSA
3605,jonathan,FSA
3606,jonathan,FSA
3607,jonathan,FSA
3608,jonathan,ST
3609,jonathan,ST
3610,jonathan,ST
3611,jonathan,ST
3612,jonathan,ST
3613,jonathan,ST
3614,jonathan,SS
3615,jonathan,SS
3616,jonathan,N
3617,jonathan,ST
3618,jonathan,ST
3619,jonathan,ST
3620,jonathan,ST
3621,jonathan,ST
3622,jonathan,ST
3623,jonathan,ST
3624,jonathan,ST
3625,jonathan,ST
3626,jonathan,ST
3627,jonathan,ST
3628,jonathan,ST
3629,jonathan,ST
3630,jonathan,ST
3631,jonathan,ST
3632,jonathan,ST
3633,jonathan,ST
3634,jonathan,ST
3635,jonathan,ST
3636,jonathan,ST
3637,jonathan,ST
3638,jonathan,FS
3639,jonathan,FS
3640,jonathan,FS
3641,jonathan,FS
3642,jonathan,FS
3643,jonathan,ST
3644,jonathan,ST
3645,jonathan,ST
3646,jonathan,N
3647,jonathan,N
3648,jonathan,FSA
3649,jonathan,FSA
3650,jonathan,FSA
3651,jonathan,FSA
3652,jonathan,FSA
3653,jonathan,FSA
3654,jonathan,VSS
3655,jonathan,VSS
3656,jonathan,VSS
3657,jonathan,VSS
3658,jonathan,VSS
3659,jonathan,VSS
3660,jonathan,N
3661,jonathan,N
3662,jonathan,N
3663,jonathan,N
3664,jonathan,N
3665,jonathan,N
3666,jonathan,N
3667,jonathan,N
3668,jonathan,N
3669,jonathan,N
3670,jonathan,N
3671,jonathan,N
3672,jonathan,VSS
3673,jonathan,VSS
3674,jonathan,VSS
3675,jonathan,VSS
3676,jonathan,VSS
3677,jonathan,VSS
3678,jonathan,VSS
3679,jonathan,VSS
3680,jonathan,VSS
3681,jonathan,VSS
3682,jonathan,SS
3683,jonathan,BS
3684,jonathan,BS
3685,jonathan,BS
3686,jonathan,FSA
3687,jonathan,FSA
3688,jonathan,FSA
3689,jonathan,FSA
3690,jonathan,BS
3691,jonathan,BS
3692,jonathan,BS
3693,jonathan,BS
3694,jonathan,BS
3695,jonathan,BS
3696,jonathan,FSA
3697,jonathan,FSA
3698,jonathan,FSA
3699,jonathan,FSA
3700,jonathan,SS
3701,jonathan,VSS
3702,jonathan,ST
3703,jonathan,ST
3704,jonathan,ST
3705,jonathan,ST
3706,jonathan,ST
3707,jonathan,ST
3708,jonathan,N
3709,jonathan,N
3710,jonathan,N
3711,jonathan,SS
3712,jonathan,ST
3713,jonathan,N
3714,jonathan,BS
3715,jonathan,BS
3716,jonathan,FSA
3717,jonathan,FSA
3718,jonathan,FSA
3719,jonathan,FSA
3720,jonathan,FSA
3721,jonathan,FSA
3722,jonathan,FSA
3723,jonathan,FSA
3724,jonathan,N
3725,jonathan,N
3726,jonathan,ST
3727,jonathan,ST
3728,jonathan,ST
3729,jonathan,ST
3730,jonathan,ST
3731,jonathan,ST
3732,jonathan,ST
3733,jonathan,N
3734,jonathan,N
3735,jonathan,ST
3736,jonathan,ST
3737,jonathan,ST
3738,jonathan,ST
3739,jonathan,ST
3740,jonathan,ST
3741,jonathan,ST
3742,jonathan,ST
3743,jonathan,ST
3744,jonathan,ST
3745,jonathan,ST
3746,jonathan,FT
3747,jonathan,FT
3748,jonathan,FT
3749,jonathan,FT
3750,jonathan,FT
3751,jonathan,FT
3752,jonathan,FT
3753,jonathan,ST
3754,jonathan,ST
3755,jonathan,ST
3756,jonathan,FT
3757,jonathan,FT
3758,jonathan,FT
3759,jonathan,FT
3760,jonathan,FT
3761,jonathan,N
3762,jonathan,ST
3763,jonathan,FT
3764,jonathan,FT
3765,jonathan,VSS
3766,jonathan,VSS
3767,jonathan,VSS
3768,jonathan,VSS
3769,jonathan,VSS
3770,jonathan,VSS
3771,jonathan,VSS
3772,jonathan,SS
3773,jonathan,SS
3774,jonathan,SS
3775,jonathan,SS
3776,jonathan,SS
3777,jonathan,SS
3778,jonathan,BS
3779,jonathan,BS
3780,jonathan,BS
3781,jonathan,FSA
3782,jonathan,FSA
3783,jonathan,BS
3784,jonathan,FSA
3785,jonathan,FSA
3786,jonathan,FSA
3787,jonathan,FSA
3788,jonathan,ST
3789,jonathan,ST
3790,jonathan,ST
3791,jonathan,ST
3792,jonathan,ST
3793,jonathan,ST
3794,jonathan,ST
3795,jonathan,ST
3796,jonathan,ST
3797,jonathan,ST
3798,jonathan,ST
3799,jonathan,ST
3800,jonathan,ST
3801,jonathan,ST
3802,jonathan,ST
3803,jonathan,ST
3804,jonathan,ST
3805,jonathan,ST
3806,jonathan,ST
3807,jonathan,ST
3808,jonathan,ST
3809,jonathan,ST
3810,jonathan,ST
3811,jonathan,ST
3812,jonathan,ST
3813,jonathan,ST
3814,jonathan,ST
3815,jonathan,ST
3816,jonathan,ST
3817,jonathan,ST
3818,jonathan,FT
3819,jonathan,ST
3820,jonathan,ST
3821,jonathan,ST
3822,jonathan,ST
3823,jonathan,ST
3824,jonathan,ST
3825,jonathan,ST
3826,jonathan,ST
3827,jonathan,ST
3828,jonathan,ST
3829,jonathan,ST
3830,jonathan,ST
3831,jonathan,ST
3832,jonathan,ST
3833,jonathan,ST
3834,jonathan,ST
3835,jonathan,ST
3836,jonathan,ST
3837,jonathan,ST
3838,jonathan,ST
3839,jonathan,ST
3840,jonathan,ST
3841,jonathan,ST
3842,jonathan,ST
3843,jonathan,ST
3844,jonathan,ST
3845,jonathan,ST
3846,jonathan,ST
3847,jonathan,ST
3848,jonathan,ST
3849,jonathan,ST
3850,jonathan,ST
3851,jonathan,ST
3852,jonathan,ST
3853,jonathan,ST
3854,jonathan,ST
3855,jonathan,ST
3856,jonathan,ST
3857,jonathan,ST
3858,jonathan,ST
3859,jonathan,ST
3860,jonathan,ST
3861,jonathan,ST
3862,jonathan,ST
3863,jonathan,ST
3864,jonathan,ST
3865,jonathan,ST
3866,jonathan,ST
3867,jonathan,ST
3868,jonathan,ST
3869,jonathan,ST
3870,jonathan,ST
3871,jonathan,ST
3872,jonathan,N
3873,jonathan,N
3874,jonathan,N
3875,jonathan,N
3876,jonathan,N
3877,jonathan,N
3878,jonathan,N
3879,jonathan,N
3880,jonathan,N
3881,jonathan,ST
3882,jonathan,ST
3883,jonathan,ST
3884,jonathan,ST
3885,jonathan,FT
3886,jonathan,ST
3887,jonathan,ST
3888,jonathan,ST
3889,jonathan,ST
3890,jonathan,ST
3891,jonathan,ST
3892,jonathan,FS
3893,jonathan,N
3894,jonathan,N
3895,jonathan,FSA
3896,jonathan,FSA
3897,jonathan,FSA
3898,jonathan,FSA
3899,jonathan,BS
3900,jonathan,BS
3901,jonathan,FSA
3902,jonathan,FSA
3903,jonathan,FSA
3904,jonathan,FS
3905,jonathan,FT
3906,jonathan,FT
3907,jonathan,FT
3908,jonathan,FT
3909,jonathan,ST
3910,jonathan,ST
3911,jonathan,ST
3912,jonathan,N
3913,jonathan,N
3914,jonathan,N
3915,jonathan,N
3916,jonathan,N
3917,jonathan,N
3918,jonathan,N
3919,jonathan,N
3920,jonathan,N
3921,jonathan,N
3922,jonathan,N
3923,jonathan,N
3924,jonathan,N
3925,jonathan,N
3926,jonathan,N
3927,jonathan,N
3928,jonathan,N
3929,jonathan,N
3930,jonathan,N
3931,jonathan,N
3932,jonathan,N
3933,jonathan,N
3934,jonathan,N
3935,jonathan,N
3936,jonathan,N
3937,jonathan,N
3938,jonathan,N
3939,jonathan,N
3940,jonathan,N
3941,jonathan,N
3942,jonathan,N
3943,jonathan,N
3944,jonathan,N
3945,jonathan,N
3946,jonathan,ST
3947,jonathan,ST
3948,jonathan,ST
3949,jonathan,ST
3950,jonathan,ST
3951,jonathan,ST
3952,jonathan,FT
3953,jonathan,FT
3954,jonathan,FT
3955,jonathan,FT
3956,jonathan,FT
3957,jonathan,FT
3958,jonathan,FT
3959,jonathan,ST
3960,jonathan,ST
3961,jonathan,ST
3962,jonathan,ST
3963,jonathan,ST
3964,jonathan,ST
3965,jonathan,ST
3966,jonathan,N
3967,jonathan,N
3968,jonathan,N
3969,jonathan,N
3970,jonathan,N
3971,jonathan,N
3972,jonathan,N
3973,jonathan,N
3974,jonathan,N
3975,jonathan,N
3976,jonathan,N
3977,jonathan,N
3978,jonathan,N
3979,jonathan,N
3980,jonathan,N
3981,jonathan,N
3982,jonathan,N
3983,jonathan,ST
3984,jonathan,ST
3985,jonathan,ST
3986,jonathan,ST
3987,jonathan,ST
3988,jonathan,ST
3989,jonathan,ST
3990,jonathan,ST
3991,jonathan,ST
3992,jonathan,ST
3993,jonathan,ST
3994,jonathan,N
3995,jonathan,N
3996,jonathan,N
3997,jonathan,N
3998,jonathan,N
3999,jonathan,N
4000,jonathan,N
4001,jonathan,N
4002,jonathan,N
4003,jonathan,ST
4004,jonathan,FSA
4005,jonathan,FSA
4006,jonathan,FSA
4007,jonathan,FSA
4008,jonathan,FSA
4009,jonathan,FSA
4010,jonathan,BS
4011,jonathan,BS
4012,jonathan,FSA
4013,jonathan,FSA
4014,jonathan,BS
4015,jonathan,BS
4016,jonathan,SS
4017,jonathan,SS
4018,jonathan,FSA
4019,jonathan,FSA
4020,jonathan,FSA
4021,jonathan,FSA
4022,jonathan,FSA
4023,jonathan,FS
4024,jonathan,FS
4025,jonathan,FS
4026,jonathan,FS
4027,jonathan,FS
4028,jonathan,FS
4029,jonathan,FS
4030,jonathan,FS
4031,jonathan,FS
4032,jonathan,FS
4033,jonathan,FS
4034,jonathan,FS
4035,jonathan,FS
4036,jonathan,FS
4037,jonathan,FS
4038,jonathan,FS
4039,jonathan,FS
4040,jonathan,FS
4041,jonathan,FS
4042,jonathan,FS
4043,jonathan,FS
4044,jonathan,FS
4045,jonathan,FS
4046,jonathan,FSA
4047,jonathan,FSA
4048,jonathan,FSA
4049,jonathan,FSA
4050,jonathan,FSA
4051,jonathan,FS
4052,jonathan,FS
4053,jonathan,FS
4054,jonathan,FS
4055,jonathan,FS
4056,jonathan,FS
4057,jonathan,FS
4058,jonathan,FS
4059,jonathan,FS
4060,jonathan,FS
4061,jonathan,FS
4062,jonathan,FS
4063,jonathan,FSA
4064,jonathan,FSA
4065,jonathan,FSA
4066,jonathan,FSA
4067,jonathan,FS
4068,jonathan,FS
4069,jonathan,FS
4070,jonathan,FS
4071,jonathan,FS
4072,jonathan,FS
4073,jonathan,FS
4074,jonathan,FSA
4075,jonathan,FS
4076,jonathan,FS
4077,jonathan,FSA
4078,jonathan,FSA
4079,jonathan,FS
4080,jonathan,FSA
4081,jonathan,FSA
4082,jonathan,FS
4083,jonathan,FS
4084,jonathan,FS
4085,jonathan,FS
4086,jonathan,FS
4087,jonathan,FS
4088,jonathan,FS
4089,jonathan,FSA
4090,jonathan,FSA
4091,jonathan,FSA
4092,jonathan,FS
4093,jonathan,FT
4094,jonathan,FT
4095,jonathan,FT
4096,jonathan,FT
4097,jonathan,FT
4098,jonathan,FT
4099,jonathan,FT
4100,jonathan,FT
4101,jonathan,FT
4102,jonathan,FT
4103,jonathan,FT
4104,jonathan,ST
4105,jonathan,FT
4106,jonathan,FT
4107,jonathan,FT
4108,jonathan,FT
4109,jonathan,FS
4110,jonathan,FS
4111,jonathan,FS
4112,jonathan,FS
4113,jonathan,FS
4114,jonathan,FS
4115,jonathan,FS
4116,jonathan,FS
4117,jonathan,FS
4118,jonathan,FS
4119,jonathan,FS
4120,jonathan,FS
4121,jonathan,FS
4122,jonathan,FS
4123,jonathan,FS
4124,jonathan,FS
4125,jonathan,FSA
4126,jonathan,FS
4127,jonathan,FS
4128,jonathan,FS
4129,jonathan,FS
4130,jonathan,FS
4131,jonathan,FS
4132,jonathan,FS
4133,jonathan,FS
4134,jonathan,FS
4135,jonathan,FS
4136,jonathan,FS
4137,jonathan,FS
4138,jonathan,FS
4139,jonathan,FS
4140,jonathan,FSA
4141,jonathan,FS
4142,jonathan,FS
4143,jonathan,FS
4144,jonathan,FSA
4145,jonathan,FSA
4146,jonathan,FSA
4147,jonathan,FSA
4148,jonathan,FS
4149,jonathan,FS
4150,jonathan,FSA
4151,jonathan,FSA
4152,jonathan,FSA
4153,jonathan,FSA
4154,jonathan,FSA
4155,jonathan,FSA
4156,jonathan,FSA
4157,jonathan,FSA
4158,jonathan,FSA
4159,jonathan,FSA
4160,jonathan,FSA
4161,jonathan,FSA
4162,jonathan,FSA
4163,jonathan,FSA
4164,jonathan,FSA
4165,jonathan,FSA
4166,jonathan,FS
4167,jonathan,FS
4168,jonathan,FS
4169,jonathan,N
4170,jonathan,N
4171,jonathan,N
4172,jonathan,N
4173,jonathan,N
4174,jonathan,N
4175,jonathan,N
